practice,Repetition of an activity to improve a skill.
that,Something being indicated that is there; one of those.
either,(after a negative) As well.
looks,One's appearance or attractiveness.
act,Something done, a deed.
awareness,The state or level of consciousness where sense data can be confirmed by an observer.
only,An only child.
talk,To communicate, usually by means of speech.
from,Used to indicate source or provenance.
To,Toward a closed, touching or engaging position.
because,For the reason (that).
reply,A written or spoken response; part of a conversation.
events,An occurrence; something that happens.
inevitable,Something that is predictable, necessary, or cannot be avoided.
past,To change place.
verb,(grammar) A word that indicates an action, event, or state.
at,To reply to or talk to someone, either online or face-to-face. (from the practice of targeting a message or reply to someone online by writing @name)
phrase,A short written or spoken expression.
correlation,A reciprocal, parallel or complementary relationship between two or more comparable objects.
name,Any nounal word or phrase which indicates a particular person, place, class, or thing.
mentalism,The doctrine that physical reality exists only because of the mind's awareness.
reality,The state of being actual or real.
looking,The act of one who looks; a glance.
doctrine,A belief or tenet, especially about philosophical or theological matters.
present,The current moment or period of time.
who,A person under discussion; a question of which person.
other,An other, another (person, etc), more often rendered as another.
progression,The act of moving from one thing to another.
comparatives,(grammar) A construction showing a relative quality, in English usually formed by adding more or appending -er. For example, the comparative of green is greener; of evil, more evil.
With,Along, together with others, in a group, etc.
The,With a comparative or with more and a verb phrase, establishes a correlation with one or more other such comparatives.
into,To or towards the inside of.
targeting,To aim something, especially a weapon, at (a target).
glance,A brief or cursory look.
and,In rhythm, the second half of a divided beat.
of,Expressing distance or motion.
by,A flying insect, of the clade Anthophila within the hymenopteran superfamily Apoidea, known for its organised societies (though only a minority have them), for collecting pollen and (in some species) producing wax and honey.
writing,Graphism of symbols such as letters that express some meaning.
physical,Physical examination.
establishes,To make stable or firm; to confirm.
a,The name of the Latin script letter A/a.
mind,The ability for rational thought.
more,To a greater degree or extent.
one,The digit or figure 1.
message,A communication, or what is communicated; any concept or information conveyed.
the,With a comparative or with more and a verb phrase, establishes a correlation with one or more other such comparatives.
with,Along, together with others, in a group, etc.
such,Something being indicated that is similar to something else.
face,The front part of the head of a human or other animal, featuring the eyes, nose and mouth, and the surrounding area.
s,A weight of 1/288 of a pound, that is, twenty grains or one third of a dram, about 1.3 grams (symbol: â„ˆ).
someone,A partially specified but unnamed person.
future,The time ahead; those moments yet to be experienced.
online,To bring (a system, etc.) online; to promote to an active or running state.
exists,(stative) to be; have existence; have being or reality
to,Toward a closed, touching or engaging position.
time,The inevitable progression into the future with the passing of present and past events.
passing,To change place.
